{"cameraMode":{"drawMode":0,"name":"Shaded","section":"Shading Mode"},"sceneLighting":false,"audioPlay":false,"sceneViewState":{"showFog":true,"showMaterialUpdate":false,"showSkybox":true,"showFlares":true,"showImageEffects":true,"showParticleSystems":true},"in2DMode":false,"pivot":{"x":-0.009465813636779786,"y":0.07739770412445069,"z":-0.04253530502319336},"rotation":{"x":-0.08068632334470749,"y":0.9043194055557251,"z":-0.19730059802532197,"w":-0.36982253193855288},"size":2.8578836917877199,"orthographic":false}