{"cameraMode":{"drawMode":0,"name":"Shaded","section":"Shading Mode"},"sceneLighting":false,"audioPlay":false,"sceneViewState":{"showFog":true,"showMaterialUpdate":false,"showSkybox":true,"showFlares":true,"showImageEffects":true,"showParticleSystems":true},"in2DMode":false,"pivot":{"x":6.863926887512207,"y":21.50181007385254,"z":21.319110870361329},"rotation":{"x":-0.046950262039899829,"y":0.9504193067550659,"z":-0.2506035268306732,"w":-0.1780562549829483},"size":22.0,"orthographic":false}