{"cameraMode":{"drawMode":0,"name":"Shaded","section":"Shading Mode"},"sceneLighting":false,"audioPlay":false,"sceneViewState":{"showFog":true,"showMaterialUpdate":false,"showSkybox":true,"showFlares":true,"showImageEffects":true,"showParticleSystems":true},"in2DMode":false,"pivot":{"x":1.310988426208496,"y":13.465346336364746,"z":-15.522157669067383},"rotation":{"x":-0.10377958416938782,"y":0.8882182836532593,"z":-0.37324127554893496,"w":-0.24696852266788484},"size":15.458037376403809,"orthographic":false}