{"cameraMode":{"drawMode":0,"name":"Shaded","section":"Shading Mode"},"sceneLighting":false,"audioPlay":false,"sceneViewState":{"showFog":true,"showMaterialUpdate":false,"showSkybox":true,"showFlares":true,"showImageEffects":true,"showParticleSystems":true},"in2DMode":false,"pivot":{"x":2.5046606063842775,"y":14.921229362487793,"z":-7.182159900665283},"rotation":{"x":-0.16441601514816285,"y":0.8337348699569702,"z":-0.34106403589248659,"w":-0.40191584825515749},"size":7.235376358032227,"orthographic":false}