{"cameraMode":{"drawMode":0,"name":"Shaded","section":"Shading Mode"},"sceneLighting":false,"audioPlay":false,"sceneViewState":{"showFog":true,"showMaterialUpdate":false,"showSkybox":true,"showFlares":true,"showImageEffects":true,"showParticleSystems":true},"in2DMode":false,"pivot":{"x":2.669344186782837,"y":15.015466690063477,"z":6.7049241065979},"rotation":{"x":-0.016849372535943986,"y":0.9829818606376648,"z":-0.13833248615264893,"w":-0.11972272396087647},"size":6.076439380645752,"orthographic":false}