{"cameraMode":{"drawMode":0,"name":"Shaded","section":"Shading Mode"},"sceneLighting":false,"audioPlay":false,"sceneViewState":{"showFog":true,"showMaterialUpdate":false,"showSkybox":true,"showFlares":true,"showImageEffects":true,"showParticleSystems":true},"in2DMode":false,"pivot":{"x":0.5600922107696533,"y":7.7553300857543949,"z":-12.697515487670899},"rotation":{"x":-0.29438096284866335,"y":-0.0037297389935702087,"z":0.0011486939620226622,"w":-0.9556809663772583},"size":-1.9421157836914063,"orthographic":false}