{"cameraMode":{"drawMode":0,"name":"Shaded","section":"Shading Mode"},"sceneLighting":false,"audioPlay":false,"sceneViewState":{"showFog":true,"showMaterialUpdate":false,"showSkybox":true,"showFlares":true,"showImageEffects":true,"showParticleSystems":true},"in2DMode":false,"pivot":{"x":0.11265232414007187,"y":2.2841379642486574,"z":-3.665717601776123},"rotation":{"x":-0.3124918043613434,"y":0.1633380949497223,"z":-0.05463840067386627,"w":-0.9341760277748108},"size":2.8578836917877199,"orthographic":false}